id,examCode,questionNumber,points,type,mode,category,difficulty,needsVisualContext,prompt,answer,correctOptions
p231-1-01,P231,1,1,short_answer,kratki_odgovor,programiranje_algoritmi,osnovno,False,"Ob pogledu na zaslon lahko vidimo tri barve, ki sestavljajo posamezno slikovno točko (angl. pixel) / za prikaz. Kateri barvni model je običajno uporabljen pri prikazovanju slike na zaslonu? Odgovor / napišite na črto.",RGB,
p231-1-02,P231,2,1,short_answer,kratki_odgovor,strojna_oprema_os,osnovno,False,"Računalnik je v omrežje priključen na 230 V izmenične omrežne napetosti. Katero vrsto napetosti / različnih vrednosti (+3,3 V, +5 V, +12 V, ...) potrebujejo računalniške komponente za svoje / delovanje? Odgovor napišite na črto.",Računalniške komponente potrebujejo / enosmerno napetost.,
p231-1-03,P231,3,1,multiple_choice_single,kviz,pretvorbe_enote_racunanje,osnovno,False,"Izračunajte vsoto dveh števil, in sicer 11110011[2] + 0×AB[16]. Obkrožite črko pred pravilnim / odgovorom.",B,B
p231-1-04,P231,4,1,multiple_choice_single,kviz,splosno_racunalnistvo,osnovno,True,"Če vemo, da vrednost 01000001 glede na kodno tabelo predstavlja črko A, kaj predstavlja / prikazani vzorec danih vrednosti? Obkrožite črko pred pravilnim odgovorom. / 01000011 01000010 01000001",D,D
p231-1-05,P231,5,1,multiple_choice_single,kviz,pretvorbe_enote_racunanje,osnovno,False,Podano imamo hitrost prenosa 8 Mb/s. Prenos datoteke je trajal 2 min 53 s. Kako veliko datoteko / prenašamo? Obkrožite črko pred pravilnim odgovorom.,B,B
p231-1-06,P231,6,1,multiple_choice_single,kviz,splosno_racunalnistvo,osnovno,False,Polde je v računalnik na priključek vrste M.2 dodal novo napravo. Katere vrste napravo je dodal v / računalnik? Obkrožite črko pred pravilnim odgovorom.,A,A
p231-1-07,P231,7,1,multiple_choice_single,kviz,pretvorbe_enote_racunanje,osnovno,False,"Imamo računalnik, ki v celoti podpira 64-bitno arhitekturo. Vaša stranka nanj namesti 32-bitni / OS Windows 10 PRO. Čeprav je vgradila 16 GB delovnega pomnilnika (RAM), vidi zgolj 4 GB / delovnega pomnilnika. Kaj bi bil lahko glavni razlog za to? Obkrožite črko pred pravilnim / odgovorom.",C,C
p231-1-08,P231,8,1,multiple_choice_single,kviz,strojna_oprema_os,osnovno,False,"Procesor računalnika (CPE) obdeluje različne vrste ukazov. Katera izmed danih kratic predstavlja / nabor kompleksnejših ukazov glede na način naslavljanja operandov, sorodnih značilnosti in / kompleksnost nabora ukazov? Obkrožite črko pred pravilnim odgovorom.",D,D
p231-1-09,P231,9,1,multiple_choice_single,kviz,omrezja,osnovno,False,V katerem izmed danih primerov bi uporabili omrežni usmerjevalnik? Obkrožite črko pred / pravilnim odgovorom.,C,C
p231-1-10,P231,10,1,multiple_choice_single,kviz,omrezja,osnovno,False,"Katera programska vrata (angl. port) moramo zapreti na požarnem zidu, če želimo onemogočiti / pošiljanje e-pošte po protokolu smtp? Obkrožite črko pred pravilnim odgovorom.",B,B
p231-1-11,P231,11,2,multiple_choice_multi,kviz,splosno_racunalnistvo,srednje,False,Katera izmed naštetih naslovov sta zasebna naslova IP? Obkrožite črki pred pravilnima / odgovoroma.,A /  E,"A,E"
p231-1-12,P231,12,1,multiple_choice_single,kviz,podatkovne_baze_sql,osnovno,False,"Ko se konča faza logičnega načrtovanja, je treba oceniti kakovost logičnega modela. Kako se / imenuje postopek, ki sledi in pomaga pri doseganju boljše kakovosti načrta podatkovne baze? / Obkrožite črko pred pravilnim odgovorom.",B,B
p231-1-13,P231,13,1,multiple_choice_single,kviz,podatkovne_baze_sql,osnovno,False,Stavke SQL delimo v več skupin. V katero skupino uvrščamo stavek DROP? Obkrožite črko pred / pravilnim odgovorom.,D,D
p231-1-14,P231,14,2,sql_open,sql_vaja,podatkovne_baze_sql,srednje,False,"Pri kreiranju tabele s stavkom SQL bi želeli, da je vrednost stolpca ID samoštevilo, stolpec Ime pa / ne sme vključevati prazne vrednosti. Kaj moramo dodati/spremeniti v spodnjem stavku SQL, da / to dosežemo? / CREATE TABLE Dijak / (ID integer _____, / Ime varchar (30) _____, / Priimek varchar (30) / );",auto_increment /  not null,
p231-1-15,P231,15,1,multiple_choice_single,kviz,html_css,osnovno,False,"Obkrožite črko pred odgovorom, ki prek kode v jeziku CSS pri vseh odstavkih (<p>) določi modro / barvo ozadja.",C,C
p231-1-16,P231,16,2,html_css_open,html_css_vaja,html_css,srednje,True,"V dokument HTML želimo vstaviti sliko slika.png, ki je v mapi, v kateri je dokument HTML. Sliki / želimo nastaviti širino 200 px in nastaviti besedilo »Tukaj je slika«, ki se bo pokazalo, ko bo / kazalec miške na sliki. Dopolnite spodnjo kodo. / <_____ src='slika.png' width='200px' _____>","img /  title=""Tukaj je slika""",
p231-1-17,P231,17,1,multiple_choice_single,kviz,programiranje_algoritmi,osnovno,False,Kolikokrat se v splošnem izvede zanka do while? Obkrožite črko pred pravilnim odgovorom.,B,B
p231-1-18,P231,18,2,calculation,racunska_naloga,programiranje_algoritmi,srednje,True,"Spodnjo kodo pretvorite v enakovredno zanko while. Podprogram izpis (...) izpiše na standardni / izhod vrednost vhodne spremenljivke. / Obkrožite izbrani programski/skriptni jezik: / C, C++, C#, Java, Python, PHP / C, C#, C++, Java / PHP / Python / for(int i=15;i>5;i-=2) / { / izpis(i); / } / for($i=15;$i>5;$i-=2) / { / izpis($i); / } / for i in range(15,5,-2): / izpis(i)",int i=15; / while(i>5) / { / izpis(i); / i=i-2; / },
p232-1-01,P232,1,1,short_answer,kratki_odgovor,programiranje_algoritmi,osnovno,False,Stranka bi rada tiskala fotografije z brizgalnim tiskalnikom. Kateri barvni model se uporablja pri / tiskanju? Odgovor zapišite na črto.,CMY oz. CMYK,
p232-1-02,P232,2,1,short_answer,kratki_odgovor,splosno_racunalnistvo,osnovno,False,"Kako bi s strokovnim terminom skupaj poimenovali oz. zapisali funkcionalnost operacijskega / sistema ReFS, UFS2 in ext4? Odgovor zapišite na črto.",datotečni sistemi / Upoštevamo tudi angleški izraz / »File System«.,
p232-1-03,P232,3,1,multiple_choice_single,kviz,splosno_racunalnistvo,osnovno,False,Kaj predstavlja pojem ostranjevalne datoteke (angl. pagefile)? Obkrožite črko pred pravilnim / odgovorom.,C,C
p232-1-04,P232,4,1,multiple_choice_single,kviz,strojna_oprema_os,osnovno,False,Na voljo imamo različne vrste pomnilnikov. Vsebine katerega izmed naštetih pomnilnikov ni / mogoče spreminjati? Obkrožite črko pred pravilnim odgovorom.,B,B
p232-1-05,P232,5,1,multiple_choice_single,kviz,strojna_oprema_os,osnovno,False,Na katerem izmed naštetih pomnilnih medijev bi lahko izvedli postopek defragmentacije? / Obkrožite črko pred pravilnim odgovorom.,D,D
p232-1-06,P232,6,1,multiple_choice_single,kviz,splosno_racunalnistvo,osnovno,False,Katero izmed naštetih naprav bi lahko še vedno našli na priključku vrste PS/2? Obkrožite črko / pred pravilnim odgovorom.,A,A
p232-1-07,P232,7,1,multiple_choice_single,kviz,strojna_oprema_os,osnovno,False,Na računalniku želimo vzpostaviti diskovno polje (angl. RAID). Vgradili smo tri trde diske / kapacitete 1 TB. Stranka želi hitrejše branje in pisanje podatkov ter hkrati večjo zanesljivost ob / odpovedi katerega izmed diskov. Katero polje RAID bo najbolje zadostilo zahtevam stranke? / Obkrožite črko pred pravilnim odgovorom.,C,C
p232-1-08,P232,8,1,multiple_choice_single,kviz,strojna_oprema_os,osnovno,False,"Procesor računalnika (CPE) obdeluje različne vrste ukazov. Katera izmed spodnjih kratic pomeni / nabor enostavnejših ukazov glede na način naslavljanja operandov, sorodne značilnosti in / kompleksnost nabora ukazov? Obkrožite črko pred pravilnim odgovorom.",A,A
p232-1-09,P232,9,1,multiple_choice_single,kviz,splosno_racunalnistvo,osnovno,False,Kateri je ustrezen desetiški zapis omrežne pripone /28? Obkrožite črko pred pravilnim odgovorom.,D,D
p232-1-10,P232,10,1,multiple_choice_single,kviz,html_css,osnovno,False,"Na požarnem zidu je pravilo, da ne prepušča prometa spletnih strani. V kateri plasti modela OSI / se izvaja to pravilo? Obkrožite črko pred pravilnim odgovorom.",C,C
p232-1-11,P232,11,2,multiple_choice_multi,kviz,omrezja,srednje,False,"Obkrožite črki pred protokolom aplikacijske plasti in protokolom transportne plasti, ki sta / uporabljena pri pošiljanju elektronske pošte od odjemalca na strežnik.",B /  D,"B,D"
p232-1-12,P232,12,1,sql_open,sql_vaja,podatkovne_baze_sql,srednje,False,"Zapišite ukaz SQL, ki izbriše tabelo Novatabela.",DROP TABLE Novatabela,
p232-1-13,P232,13,1,multiple_choice_single,kviz,podatkovne_baze_sql,osnovno,False,Stavke SQL delimo v več skupin. V katero skupino uvrščamo stavek ALTER TABLE? Obkrožite / črko pred pravilnim odgovorom.,B,B
p232-1-14,P232,14,2,sql_open,sql_vaja,podatkovne_baze_sql,srednje,False,"Pri kreiranju tabele s stavkom SQL bi želeli, da so vsi dijaki privzeto iz občine Maribor. Kaj / moramo dodati/spremeniti v spodnjem stavku SQL, da to dosežemo? / CREATE TABLE Dijak / (ID integer smallint(5), / Ime varchar(30), / Priimek varchar(30), / Posta varchar _____ );",DEFAULT 'Maribor',
p232-1-15,P232,15,1,multiple_choice_single,kviz,html_css,osnovno,False,"Obkrožite črko pred odgovorom, ki prek kode v jeziku CSS pri vseh glavnih naslovih (<h1>) določi / rdečo barvo ozadja.",C,C
p232-1-16,P232,16,2,html_css_open,html_css_vaja,html_css,srednje,True,"V dokument HTML želimo vstaviti sliko slika.png, ki je v mapi, v kateri je dokument HTML. Sliki / želimo nastaviti širino 200 px in besedilo »Tukaj je slika«, ki se bo pokazalo, ko bo miškin kazalec / na sliki. Dopolnite spodnjo kodo. / <_____ src='slika.png' width='200px' _____>",img /  title='Tukaj je slika',
p232-1-17,P232,17,1,multiple_choice_single,kviz,programiranje_algoritmi,osnovno,False,Kolikokrat se v splošnem izvede zanka do while? Obkrožite črko pred pravilnim odgovorom.,D,D
p232-1-18,P232,18,2,calculation,racunska_naloga,programiranje_algoritmi,srednje,True,"Spodnjo kodo pretvorite v enakovreden zapis algoritma z diagramom poteka. Podprogram izpis(...) / izpiše na standardni izhod vrednost vhodne spremenljivke. / Obkrožite izbrani programski/skriptni jezik: C, C++, C#, Java, Python, PHP / C, C#, C++, Java / PHP / Python / for(int i=5;i<20;i+=2) / { / izpis(i); / } / for($i=5;$i<20;$i+=2) / { / izpis($i); / } / for i in range(5,20,2): / izpis(i)",,
p233-1-01,P233,1,1,short_answer,kratki_odgovor,pretvorbe_enote_racunanje,osnovno,False,Na ključek USB kapacitete 16 GB želimo shraniti datoteko veliko 15 GiB. Datotečni sistem ključka / je NTFS. Ali lahko pričakujemo kakšne težave pri shranjevanju datoteke? Odgovor zapišite na / črto.,Da.,
p233-1-02,P233,2,1,short_answer,kratki_odgovor,strojna_oprema_os,osnovno,False,"Na matični plošči je integrirana grafična kartica s priključkom VGA. Na priključek želimo priključiti / zaslon LCD, ki ima na voljo zgolj priključek DVI. Pojasnite, kaj lahko svetujete stranki. Odgovor / zapišite na črto.",Vgradimo lahko dodatno grafično kartico s / priključkom DVI. / Uporabimo lahko tudi ustrezen / zaslon s priključkom VGA ali / kabel VGA-DVI ali drugo / ustrezno rešitev.,
p233-1-03,P233,3,1,multiple_choice_single,kviz,pretvorbe_enote_racunanje,osnovno,False,"Ob izbiri zaslona LCD je za stranko pomembno, da bi bila vrednost svetilnosti čim višja. Na / katero izmed naštetih enot morate biti glede na zapisano še posebno pozorni? Obkrožite črko / pred pravilnim odgovorom.",A,A
p233-1-04,P233,4,1,multiple_choice_single,kviz,splosno_racunalnistvo,osnovno,False,Podano imamo vrednost / ] / 16 / [ / 0 1A0 / × / . Od podane vrednosti odštejete vrednost / ] / 2 / [ / 11010001 / . / Katero vrednost dobimo? Obkrožite črko pred pravilnim odgovorom.,B,B
p233-1-05,P233,5,1,multiple_choice_single,kviz,programiranje_algoritmi,osnovno,False,"Skrbnik računalnika želi na novo namestiti operacijski sistem Linux. Namestitev je na ključku / USB, ki je ustrezno pripravljen. Kaj oziroma kje mora spremeniti skrbnik, da bo lahko na novo / namestil operacijski sistem prek ključka USB, če se trenutno ob zagonu računalnika samodejno / zažene trenutni operacijski sistem Windows? Obkrožite črko pred pravilnim odgovorom.",D,D
p233-1-06,P233,6,1,multiple_choice_single,kviz,strojna_oprema_os,osnovno,False,"V računalnik želimo vgraditi dodatno grafično kartico, saj je trenutno na voljo le integrirana / grafična kartica. Katero vodilo nam bo omogočilo priklop grafične kartice v novejšem računalniku? / Obkrožite črko pred pravilnim odgovorom.",C,C
p233-1-07,P233,7,1,multiple_choice_single,kviz,strojna_oprema_os,osnovno,False,Katero izmed naštetih naprav bi lahko priključili na vodilo tipa M.2? Obkrožite črko pred pravilnim / odgovorom.,A,A
p233-1-08,P233,8,1,multiple_choice_single,kviz,strojna_oprema_os,osnovno,False,Kaj pomeni pojem particija na trdem disku? Obkrožite črko pred pravilnim odgovorom.,B,B
p233-1-09,P233,9,1,multiple_choice_single,kviz,omrezja,osnovno,False,Kateri protokol vsebuje ukaza ping in traceroute (tracert)? Obkrožite črko pred pravilnim / odgovorom.,C,C
p233-1-10,P233,10,1,multiple_choice_single,kviz,omrezja,osnovno,False,S katero vrsto vezave vodnika UTP povežemo dva usmerjevalnika? Obkrožite črko pred pravilnim / odgovorom.,D,D
p233-1-11,P233,11,2,multiple_choice_multi,kviz,omrezja,srednje,False,Katere informacije lahko preberemo iz izpisa ukaza ipconfig na računalniku? Obkrožite črki / pred pravilnima odgovoroma.,A /  C,"A,C"
p233-1-12,P233,12,1,sql_open,sql_vaja,podatkovne_baze_sql,srednje,False,"Prikazati želimo vse podatkovne baze, ki smo jih do sedaj ustvarili. Kateri ukaz SQL omogoča / prikaz/izpis podatkovnih baz?",SHOW DATABASES;,
p233-1-13,P233,13,1,multiple_choice_single,kviz,podatkovne_baze_sql,osnovno,False,Stavke SQL delimo na več skupin. V katero skupino uvrščamo stavek INSERT? Obkrožite črko / pred pravilnim odgovorom.,A,A
p233-1-14,P233,14,2,sql_open,sql_vaja,podatkovne_baze_sql,srednje,True,"Pri ustvarjanju tabele Dijak želimo določiti atribut, ki je primarni ključ v drugi tabeli Kraji. Dopolnite / spodnji stavek SQL in dopolnitvi zapišite na črti. / CREATE TABLE Dijak / (ID integer smallint(5), / Ime varchar (30), / Priimek varchar (30), / Postna_stevilka integer, / _____(Postna_stevilka) / REFERENCES Kraji (_____));",FOREIGN KEY /  Postna_stevilka,
p233-1-15,P233,15,1,multiple_choice_single,kviz,html_css,osnovno,False,"Obkrožite črko pred odgovorom, ki v jeziku HTML označuje začetek vrstice, ki je del tabele.",C,C
p233-1-16,P233,16,2,html_css_open,html_css_vaja,html_css,srednje,True,"V dokument HTML želimo vstaviti povezavo na spletni naslov https://www.ric.si/. Prav tako bi / radi, da bi se povezava odprla v novem zavihku. Dopolnite spodnjo kodo. / <a _____=""https://www.ric.si/"" _____>povezava</a>","href /  target=""_blank""",
p233-1-17,P233,17,1,multiple_choice_single,kviz,programiranje_algoritmi,osnovno,False,Kaj predstavlja rezultat izraza 15 % 7 oziroma 15 mod 7 v nekem programskem jeziku? / Obkrožite črko pred pravilnim odgovorom.,D,D
p233-1-18,P233,18,2,calculation,racunska_naloga,programiranje_algoritmi,srednje,True,"Spodnjo kodo pretvorite v enakovredno zanko for. Podprogram izpis (...) izpiše na standardni / izhod vrednost vhodne spremenljivke. / Obkrožite izbrani programski/skriptni jezik: C, C++, C#, Java, Python, PHP / C, C#, C++, Java / PHP / Python / int i=16; / while(i > 1) / { / izpis(i); / i=i-2; / } / $i=16; / while($i > 1) / { / izpis($i); / $i=$i-2; / } / i=16 / while(i > 1): / izpis(i) / i=i-2",for(int i=16;i>1;i-=2) / { / izpis(i); / },
p241-1-01,P241,1,1,short_answer,kratki_odgovor,strojna_oprema_os,osnovno,False,Izvedli smo test delovanja delovnega pomnilnika. Kateri tip delovnega pomnilnika smo testirali? / Odgovor zapišite na črto.,DDR2,
p241-1-02,P241,2,1,short_answer,kratki_odgovor,strojna_oprema_os,osnovno,False,Katera komponenta računalnika za delovanje uporablja VRAM? Odgovor zapišite na črto.,grafična kartica,
p241-1-03,P241,3,1,multiple_choice_single,kviz,pretvorbe_enote_racunanje,osnovno,False,"Jožek nam dostavi novi ključek USB kapacitete 64 GB. Nanj želi kopirati arhivske dokumente / v skupni datoteki ZIP velikosti 5 GiB. Pri tem naleti na napako, saj naj bi bilo na voljo premalo / prostora za izvedeno operacijo. Pred poskusom kopiranja je bilo izvedeno formatiranje ključka. / Kaj je razlog, da se kopiranje ne izvede? Obkrožite črko pred pravilnim odgovorom.",D,D
p241-1-04,P241,4,1,multiple_choice_single,kviz,strojna_oprema_os,osnovno,False,Izvedli smo postopek defragmentacije (angl. defragmentation) trdega diska. Kaj predstavlja / zapisani postopek? Obkrožite črko pred pravilnim odgovorom.,B,B
p241-1-05,P241,5,1,multiple_choice_single,kviz,splosno_racunalnistvo,osnovno,True,Katero vrsto signala lahko prenaša prikazani vmesnik? Obkrožite črko pred pravilnim odgovorom.,C,C
p241-1-06,P241,6,1,multiple_choice_single,kviz,strojna_oprema_os,osnovno,False,V BIOS/UEFI smo izvedli konfiguracijo štirih diskov v diskovnem polju RAID6. Katera izmed / podanih trditev ni resnična? Obkrožite črko pred pravilnim odgovorom.,A,A
p241-1-07,P241,7,1,multiple_choice_single,kviz,pretvorbe_enote_racunanje,osnovno,False,"Stereo zvok z zunanje mešalne mize želimo povezati na vhod računalnika, kjer bomo izvajali / snemanje zvoka. Kateri vhod zvočne kartice moramo uporabiti? Obkrožite črko pred pravilnim / odgovorom.",B,B
p241-1-08,P241,8,1,multiple_choice_single,kviz,strojna_oprema_os,osnovno,False,S katero izmed naštetih naprav izvaja procesor neposredno komunikacijo? / Obkrožite črko pred pravilnim odgovorom.,C,C
p241-1-09,P241,9,1,multiple_choice_single,kviz,pretvorbe_enote_racunanje,osnovno,False,Imamo naslovno območje 189.23.1.. Koliko bitov naslova je namenjeno za gostitelje? / Obkrožite črko pred pravilnim odgovorom.,B,B
p241-1-10,P241,10,1,multiple_choice_single,kviz,omrezja,osnovno,False,Katera naprava omogoča povezovanje v brezžično omrežje? Obkrožite črko pred pravilnim / odgovorom.,C,C
p241-1-11,P241,11,2,multiple_choice_multi,kviz,omrezja,srednje,False,Kaj se nahaja v tabeli MAC na mrežnem stikalu? Obkrožite črki pred pravilnima odgovoroma.,B in D,"B,D"
p241-1-12,P241,12,1,multiple_choice_single,kviz,podatkovne_baze_sql,osnovno,False,Kateri stavki SQL sodijo v skupino ukazov SQL DML? Obkrožite črko pred pravilnim odgovorom.,C,C
p241-1-13,P241,13,1,sql_open,sql_vaja,podatkovne_baze_sql,srednje,False,V katero skupino ukazov spada stavek DROP? Odgovor zapišite na spodnjo črto.,SQL DDL,
p241-1-14,P241,14,2,sql_open,sql_vaja,podatkovne_baze_sql,srednje,True,"Popravite spodnji stavek SELECT tako, da bo izpisal vse stolpce iz tabele avtomobili. Izpišite / samo vrstice, ki nimajo podatka o izpustu CO2. Na spodnje črte na novo zapišite celoten / popravljeni stavek. / SELECT naziv_avta / FROM avtomobili / WHERE izpust = NULL;","SELECT * / FROM avtomobili / WHERE izpust IS NULL; / Popravek * namesto naziv_avta / 1 točka, popravek IS namesto = / 1 točka.",
p241-1-15,P241,15,1,html_css_open,html_css_vaja,html_css,srednje,True,"Skicirajte tabelo glede na spodnjo kodo HTML. / <table border=""1px""> / <tr><td>A</td><td rowspan=""2"">G</td><td>F</td></tr> / <tr><td>B</td><td>E</td></tr> / <tr><td>C</td><td colspan=""2"">D</td></tr> / </table> / Skica:",,
p241-1-16,P241,16,2,html_css_open,html_css_vaja,html_css,srednje,True,"V dokument HTML želimo dodati meta oznako za ključne besede spletne strani. Dopolnite / spodnjo kodo. / <meta _____=""keywords"" _____=""matura, racunalnistvo"">",name /  content,
p241-1-17,P241,17,1,multiple_choice_single,kviz,programiranje_algoritmi,osnovno,False,Kaj je rezultat izraza 16 % 3 oziroma 16 mod 3 v izbranem programskem/skriptnem jeziku? / Obkrožite črko pred pravilnim odgovorom.,A,A
p241-1-18,P241,18,2,calculation,racunska_naloga,programiranje_algoritmi,srednje,True,"Spodnjo kodo pretvorite v enakovredno zanko while v izbranem računalniškem jeziku. / Podprogram izpis(...) izpiše vrednost vhodne spremenljivke na standardni izhod. Rešitev / zapišite na spodnje črte. / C, C#, C++, Java / PHP / Python / for(int i=11;i>0;i-=3) / { / izpis(i); / } / for($i=11;$i>0;$i-=3) / { / izpis($i); / } / for i in range(11,0,-3): / izpis(i)",int i=11; / while(i > 0) / { / izpis(i); / i=i-3; / },
p242-1-01,P242,1,1,short_answer,kratki_odgovor,omrezja,osnovno,False,"Zapišite primer procesorskosistemskega vodila, ki običajno povezuje CPE in pomnilnik. Odgovor / zapišite na črto.",FSB,
p242-1-02,P242,2,1,short_answer,kratki_odgovor,splosno_racunalnistvo,osnovno,False,"Zapišite primer shranjevanja podatkov, pri katerem se podatki shranijo trajno, vendar zaradi / zaporednega zapisa do njih dostopamo razmeroma počasi. Odgovor zapišite na črto.",kaseta,
p242-1-03,P242,3,1,multiple_choice_single,kviz,strojna_oprema_os,osnovno,False,"Kaj pomeni izraz kotna vidljivost, kadar se pogovarjamo o specifikaciji zaslona LCD? Obkrožite / črko pred pravilnim odgovorom.",C,C
p242-1-04,P242,4,1,multiple_choice_single,kviz,pretvorbe_enote_racunanje,osnovno,False,"Polde je kupil ključek USB s kapaciteto 64 GB. Nanj je želel kopirati datoteko velikosti 6,32 GiB. / Ob tem je prejel obvestilo o napaki, da tega ni mogoče narediti. Kaj bi lahko bil najverjetnejši / razlog za to? Obkrožite črko pred pravilnim odgovorom.",D,D
p242-1-05,P242,5,1,multiple_choice_single,kviz,strojna_oprema_os,osnovno,False,Kaj predstavlja pojem particioniranje trdega diska? Obkrožite črko pred pravilnim odgovorom.,B,B
p242-1-06,P242,6,1,multiple_choice_single,kviz,strojna_oprema_os,osnovno,False,Imamo trdi disk kapacitete 1 TB. Koliko podatkov lahko zapišemo nanj? Obkrožite črko pred / pravilnim odgovorom.,A,A
p242-1-07,P242,7,1,multiple_choice_single,kviz,programiranje_algoritmi,osnovno,False,Kateri barvni model se običajno uporablja v postopku tiska na tiskalniku? Obkrožite črko pred / pravilnim odgovorom.,D,D
p242-1-08,P242,8,1,multiple_choice_single,kviz,splosno_racunalnistvo,osnovno,False,S pomočjo zvočne kartice izvajamo zajem zvoka. S katero enoto označujemo pogostost zajema / ali frekvenco vzorčenja? Obkrožite črko pred pravilnim odgovorom.,C,C
p242-1-09,P242,9,1,multiple_choice_single,kviz,splosno_racunalnistvo,osnovno,False,Podan je naslov omrežja 200.2.1.. Kateri izmed spodnjih naslovov IP je v obsegu naslovov / tega omrežja? Obkrožite črko pred pravilnim odgovorom.,B,B
p242-1-10,P242,10,1,multiple_choice_single,kviz,omrezja,osnovno,False,V katerem primeru bi v omrežju uporabili omrežno stikalo L2? Obkrožite črko pred pravilnim / odgovorom.,C,C
p242-1-11,P242,11,2,multiple_choice_multi,kviz,omrezja,srednje,False,Katera od spodaj naštetih protokolov sta protokola transportne plasti modela OSI? Obkrožite črki / pred pravilnima odgovoroma.,D /  F,"D,F"
p242-1-12,P242,12,1,short_answer,kratki_odgovor,podatkovne_baze_sql,osnovno,False,"Pravkar smo s stavkom CREATE kreirali podatkovno bazo Ljubljana2105, a ker smo / podatkovno bazo že imeli, bi pravkar kreirano želeli izbrisati. Kateri ukaz bi uporabili? Odgovor / zapišite na črto.",DROP DATABASE Ljubljana2105;,
p242-1-13,P242,13,1,multiple_choice_single,kviz,podatkovne_baze_sql,osnovno,False,Stavki jezika SQL so razdeljeni v več skupin. Kateri stavki SQL sodijo v skupino DDL? Obkrožite / črko pred pravilnim odgovorom.,D,D
p242-1-14,P242,14,2,multiple_choice_multi,kviz,podatkovne_baze_sql,srednje,False,Katera izmed spodnjih podatkovnih tipov sta numerična podatkovna tipa? Obkrožite črki pred / pravilnima odgovoroma.,B /  E,"B,E"
p242-1-15,P242,15,1,multiple_choice_single,kviz,html_css,osnovno,False,"Obkrožite črko pred odgovorom, ki označuje začetek neurejenega seznama v spletnem / dokumentu.",D,D
p242-1-16,P242,16,2,html_css_open,html_css_vaja,html_css,srednje,False,"V dokument HTML želimo vstaviti povezavo, ki se bo odprla v novem zavihku. Dopolnite spodnjo / kodo. / <a _____ ='https://mojaStran.si' _____ >povezava</a>","href /  target=""_blank""",
p242-1-17,P242,17,1,multiple_choice_single,kviz,splosno_racunalnistvo,osnovno,False,"Spremenljivki X, ki je celoštevilskega tipa, želimo prirediti sedemkratnik števila X. Katera izmed / možnosti je ustrezna? Obkrožite črko pred pravilnim odgovorom.",A,A
p242-1-18,P242,18,2,calculation,racunska_naloga,programiranje_algoritmi,srednje,False,Spodnji algoritem (diagram poteka) pretvorite v enakovredno kodo z zanko while v poljubnem / programskem/skriptnem jeziku. / ZAČETEK / A / 121 / = / A / A / 11 / = / - / NE / DA / A / KONEC / A ˃ 80,A = 121 / while(A > 80): / print(A) / A -= 11,
p243-1-01,P243,1,1,calculation,racunska_naloga,pretvorbe_enote_racunanje,srednje,False,"Računalnik ima frekvenco vodila QPI 3200 MHz s širino 32 bitov. Kakšna je prepustnost vodila, / če upoštevamo podano hitrost? Rešitev naj bo podana v GB/s za enosmerno komunikacijo. / Odgovor zapišite na črto.","25,6 GB/s",
p243-1-02,P243,2,1,calculation,racunska_naloga,strojna_oprema_os,srednje,False,Koliko naprav lahko teoretično priključimo na priključek USB tretje generacije? Odgovor zapišite / na črto.,Katerakoli vrednost od 1 do 127.,
p243-1-03,P243,3,1,multiple_choice_single,kviz,strojna_oprema_os,osnovno,False,Kateri izmed datotečnih sistemov načeloma ne potrebuje postopka defragmentacije trdega diska? / Obkrožite črko pred pravilnim odgovorom.,C,C
p243-1-04,P243,4,1,multiple_choice_single,kviz,strojna_oprema_os,osnovno,False,"Katero vodilo bi uporabili na prenosnem računalniku, da bi lahko priključili pogon SSD manjših / dimenzij? Obkrožite črko pred pravilnim odgovorom.",D,D
p243-1-05,P243,5,1,multiple_choice_single,kviz,strojna_oprema_os,osnovno,False,"Kako se imenuje integrirano vezje, ki upravlja s prekinitvami naprav, da se CPE ustrezno / odzove? Obkrožite črko pred pravilnim odgovorom.",A,A
p243-1-06,P243,6,1,multiple_choice_single,kviz,strojna_oprema_os,osnovno,False,"Katera izmed naštetih kratic ponazarja kompleksnost nabora ukazov, načina naslavljanja / operandov in sorodnih značilnosti procesorjev? Obkrožite črko pred pravilnim odgovorom.",B,B
p243-1-07,P243,7,1,multiple_choice_single,kviz,strojna_oprema_os,osnovno,False,"Na računalniku želimo vzpostaviti diskovno polje (angl. RAID). Stranki glede na želje in potrebe / priporočimo diskovno polje tipa RAID 10 (znan tudi kot 1 + 0). Koliko diskov najmanj potrebujemo, / da bomo vzpostavili takšno diskovno polje? Obkrožite črko pred pravilnim odgovorom.",A,A
p243-1-08,P243,8,1,multiple_choice_single,kviz,pretvorbe_enote_racunanje,osnovno,False,"Na novo kupljen računalnik ima procesor s hitrostjo 4200 MHz. Koliko časa potrebuje procesor / (CPE), da izvede en strojni cikel? Obkrožite črko pred pravilnim odgovorom.",B,B
p243-1-09,P243,9,1,multiple_choice_single,kviz,omrezja,osnovno,False,Kateri izmed naštetih naslovov je zasebni naslov IP? Obkrožite črko pred pravilnim odgovorom.,C,C
p243-1-10,P243,10,1,multiple_choice_single,kviz,omrezja,osnovno,False,"Na požarnem zidu imamo pravilo, da ne prepušča prometa na določen naslov IP. Na kateri plasti / modela OSI se izvaja to pravilo? Obkrožite črko pred pravilnim odgovorom.",B,B
p243-1-11,P243,11,2,multiple_choice_multi,kviz,omrezja,srednje,False,"Inženir je dal priporočilo, da v omrežju podjetja onemogočimo promet protokolov HTTP in FTP. / Kaj od spodaj naštetega potem ne bo več delovalo v omrežju podjetja? Obkrožite črki pred / pravilnima odgovoroma.",D /  E,"D,E"
p243-1-12,P243,12,1,short_answer,kratki_odgovor,podatkovne_baze_sql,osnovno,False,Pravkar smo s stavkom CREATE kreirali tabelo Novatabela. Radi bi preverili opis pravkar / kreirane tabele. Na črto zapišite ustrezen ukaz.,DESCRIBE Nova tabela;,
p243-1-13,P243,13,1,multiple_choice_single,kviz,podatkovne_baze_sql,osnovno,False,"Izberite stavek SQL, ki ne vpliva na vsebino podatkov v tabeli. Obkrožite črko pred pravilnim / odgovorom.",D,D
p243-1-14,P243,14,2,short_answer,kratki_odgovor,podatkovne_baze_sql,srednje,True,"V tabeli Novatabela smo ustvarili stolpec EMSO podatkovnega tipa celo število. Spodnjo kodo / dopolnite tako, da atributu EMSO spremenimo podatkovni tip v varchar(13). / _____ TABLE Novatabela / MODIFY EMSO _____",ALTER /  varchar(13),
p243-1-15,P243,15,1,multiple_choice_single,kviz,html_css,osnovno,False,"Obkrožite črko pred odgovorom, ki v jeziku HTML označuje začetek neurejenega seznama.",D,D
p243-1-16,P243,16,2,html_css_open,html_css_vaja,html_css,srednje,True,"V dokument HTML želimo vstaviti sliko. Prav tako pa bi radi nastavili tudi nadomestno besedilo, / če slike ni mogoče prikazati. Dopolnite spodnjo kodo. / <img _____=""slika.png"" _____=""Nadomestno besedilo."">",src /  alt,
p243-1-17,P243,17,1,multiple_choice_single,kviz,strojna_oprema_os,osnovno,False,Kateri izmed spodnjih odgovorov ne sodi med osnovne gradnike/elemente diagrama poteka? / Obkrožite črko pred pravilnim odgovorom.,B,B
p243-1-18,P243,18,2,calculation,racunska_naloga,programiranje_algoritmi,srednje,True,"Spodnjo kodo pretvorite v enakovredno zanko while. Podprogram izpis(...) izpiše na standardni / izhod vrednost vhodne spremenljivke. / Obkrožite izbran programski/skriptni jezik. / C, C++, C#, Java, Python, PHP / C, C#, C++, Java / PHP / Python / for(int i=18;i>1;i-=2) / { / izpis(i); / } / for(int $i=18;$i>1;$i-=2) / { / izpis($i); / } / for i in range(18,1,-2): / izpis(i)",int i=18; / while(i>1) / { / izpis(i); / i-=2; / },
p251-1-01,P251,1,1,short_answer,kratki_odgovor,strojna_oprema_os,osnovno,False,Kaj je značilno za pomnilnike ECC? Odgovor zapišite na spodnje črte.,"Pomnilnik samodejno odkriva in popravlja / napake, ki nastanejo med shranjevanjem ali / prenosom podatkov.",
p251-1-02,P251,2,1,short_answer,kratki_odgovor,splosno_racunalnistvo,osnovno,False,"S kratkim odgovorom pojasnite, kaj izvede ukaz CHKDSK C: /F znotraj ukaznega poziva. / Odgovor zapišite na spodnje črte.",Na pogonu C: se izvede testiranje diska.,
p251-1-03,P251,3,1,multiple_choice_single,kviz,splosno_racunalnistvo,osnovno,False,V kateri merski enoti merimo hitrost delovanja centralne procesne enote? Obkrožite črko pred / pravilnim odgovorom.,D,D
p251-1-04,P251,4,1,multiple_choice_single,kviz,splosno_racunalnistvo,osnovno,False,"Kateri odgovor vključuje naprave, ki samo sprejemajo podatke v računalnik? Obkrožite črko pred / pravilnim odgovorom.",B,B
p251-1-05,P251,5,1,multiple_choice_single,kviz,pretvorbe_enote_racunanje,osnovno,False,"Proizvajalec podaja kapaciteto trdega diska kot 1 TB. Izračunajte, kolikšna je kapaciteta / pomnilnika binarno. Obkrožite črko pred pravilnim odgovorom.",C,C
p251-1-06,P251,6,1,multiple_choice_single,kviz,programiranje_algoritmi,osnovno,False,Kaj je funkcija naslovnega vodila? Obkrožite črko pred pravilnim odgovorom.,C,C
p251-1-07,P251,7,1,multiple_choice_single,kviz,splosno_racunalnistvo,osnovno,False,"Kaj je treba najprej narediti, če se računalnik ves čas ponovno zaganja? Obkrožite črko pred / pravilnim odgovorom.",A,A
p251-1-08,P251,8,1,multiple_choice_single,kviz,strojna_oprema_os,osnovno,False,"Na plošče klasičnega trdega diska je nanesena posebna snov, ki omogoča shranjevanje / podatkov na disk. Kakšna je ta snov? Obkrožite črko pred pravilnim odgovorom.",B,B
p251-1-09,P251,9,1,multiple_choice_single,kviz,splosno_racunalnistvo,osnovno,False,Kateri ukaz lahko uporabimo za preverjanje dosegljivosti naprave v omrežju? Obkrožite črko pred / pravilnim odgovorom.,B,B
p251-1-10,P251,10,1,multiple_choice_single,kviz,html_css,osnovno,False,V omrežju želimo filtrirati promet spletnih strani. Katera naprava nam po svoji osnovni / funkcionalnosti to omogoča? Obkrožite črko pred pravilnim odgovorom.,C,C
p251-1-11,P251,11,2,multiple_choice_multi,kviz,omrezja,srednje,False,Katera dva izmed spodnjih naslovov IPv6 sta del istega podomrežja? Obkrožite črki pred / pravilnima odgovoroma.,B /  E,"B,E"
p251-1-12,P251,12,1,multiple_choice_single,kviz,splosno_racunalnistvo,osnovno,False,V bazi podatkov bi radi shranili osebne podatke vseh prebivalcev Slovenije. Kateri atribut je / najprimernejša izbira za primarni ključ? Obkrožite črko pred pravilnim odgovorom.,D,D
p251-1-13,P251,13,1,multiple_choice_single,kviz,podatkovne_baze_sql,osnovno,False,"Kaj naredi naslednji stavek SQL? Obkrožite črko pred pravilnim odgovorom. / UPDATE izdelki / SET cena = cena * 0.9 / WHERE kategorija = ""Akcija"";",A,A
p251-1-14,P251,14,2,sql_open,sql_vaja,podatkovne_baze_sql,srednje,False,"S stavkom SQL bi želeli izpisati podatke dijakov, katerih priimek se začne z »A« in imajo podatek / o naslovu. Vstavite manjkajoča izraza, tako da bo stavek pravilen. / SELECT * / FROM dijaki / WHERE (priimek _____ 'A%') AND (naslov _____);",LIKE /  IS NOT NULL,
p251-1-15,P251,15,1,multiple_choice_single,kviz,pretvorbe_enote_racunanje,osnovno,False,"Katero barvo predstavlja zapis RGB(0,0,255)? Obkrožite črko pred pravilnim odgovorom.",A,A
p251-1-16,P251,16,2,html_css_open,html_css_vaja,html_css,srednje,False,Katera dva elementa HTML najbolj pogosto obdajata elemente li? Odgovora zapišite na spodnjo / črto. / <?> / <li>ponedeljek</li> / <li>sreda</li> / <li>petek</li> / </?>,ul /  ol,
p251-1-17,P251,17,1,multiple_choice_single,kviz,splosno_racunalnistvo,osnovno,False,"Obkrožite črko pred vrstico, ki ne vključuje zanke.",D,D
p251-1-18,P251,18,2,calculation,racunska_naloga,programiranje_algoritmi,srednje,True,"Spodnjo kodo pretvorite v enakovredno zanko while. Podprogram izpis(...) izpiše na standardni / izhod vrednost vhodne spremenljivke. / C, C#, C++, Java / PHP / Python / for(int a=10;a<90;a+=10) / { / izpis(a); / } / for($a=10;$a<90;$a+=10) / { / izpis($a); / } / for a in range(10,90,10): / izpis(a)",int a = 10; / while(a < 90) / { / izpis(a); / a = a + 10; / },
p252-1-01,P252,1,1,calculation,racunska_naloga,pretvorbe_enote_racunanje,srednje,False,"Procesor RISC deluje s taktom 3,0 GHz. Koliko ukazov lahko procesor izvede v 3 ns? Odgovor / napišite na črto.",9,
p252-1-02,P252,2,1,short_answer,kratki_odgovor,pretvorbe_enote_racunanje,osnovno,False,"Kolikšen je povprečni dostopni čas trdega diska, ki se vrti s 5400 rpm in ima povprečni iskalni čas / 4 ms? Odgovor napišite na črto.","9,56 ms",
p252-1-03,P252,3,1,multiple_choice_single,kviz,strojna_oprema_os,osnovno,False,Kaj pomeni izraz odzivni čas pri monitorjih? Obkrožite črko pred pravilnim odgovorom.,D,D
p252-1-04,P252,4,1,multiple_choice_single,kviz,html_css,osnovno,False,Kaj pomeni izraz »bad sector« v povezavi s trdim diskom? Obkrožite črko pred pravilnim / odgovorom.,C,C
p252-1-05,P252,5,1,multiple_choice_single,kviz,pretvorbe_enote_racunanje,osnovno,False,"Kapaciteta trdega diska je 931,32 GiB. Izračunajte, kolikšna je kapaciteta pomnilnika, ki jo podaja / proizvajalec. Obkrožite črko pred pravilnim odgovorom.",B,B
p252-1-06,P252,6,1,multiple_choice_single,kviz,splosno_racunalnistvo,osnovno,False,"Kateri priključek omogoča povezovanje različnih zunanjih naprav in omogoča prenos podatkov, / napajanje ter video izhod? Obkrožite črko pred pravilnim odgovorom.",A,A
p252-1-07,P252,7,1,multiple_choice_single,kviz,strojna_oprema_os,osnovno,False,"Kateri del matične plošče je ob izgubi napajanja odgovoren za ohranjanje nastavitev sistema, kot / so datum, ura in vrstni red zagona naprav? Obkrožite črko pred pravilnim odgovorom.",B,B
p252-1-08,P252,8,1,multiple_choice_single,kviz,strojna_oprema_os,osnovno,False,"Kateri izraz označuje tip pomnilnika, ki jih SSD-ji uporabljajo za shranjevanje podatkov? / Obkrožite črko pred pravilnim odgovorom.",C,C
p252-1-09,P252,9,1,multiple_choice_single,kviz,omrezja,osnovno,False,"Imamo omrežje 200.2.1.. Kateri izmed spodnjih naslovov IP je prvi uporabni naslov IP / v omrežju, ki ga dodelimo privzetemu prehodu (angl. default gateway)? Obkrožite črko pred / pravilnim odgovorom.",D,D
p252-1-10,P252,10,1,multiple_choice_single,kviz,omrezja,osnovno,False,Katera naprava za odločitev o posredovanju podatkov uporabi naslov MAC? Obkrožite črko pred / pravilnim odgovorom.,B,B
p252-1-11,P252,11,2,multiple_choice_multi,kviz,html_css,srednje,False,"Z ukazom ping smo preverili dosegljivost spletnega strežnika in dobili uspešen odziv, spletna / stran pa se nam ne prikaže. Na katerih slojih modela OSI zagotovo ni težav? Obkrožite črki pred / pravilnima odgovoroma.",A /  B,"A,B"
p252-1-12,P252,12,1,multiple_choice_single,kviz,podatkovne_baze_sql,osnovno,False,Kateri izraz SQL se uporablja za urejanje rezultatov v posameznem stolpcu? Obkrožite črko pred / pravilnim odgovorom.,B,B
p252-1-13,P252,13,1,multiple_choice_single,kviz,podatkovne_baze_sql,osnovno,False,"Kaj naredi naslednji stavek SQL? Obkrožite črko pred pravilnim odgovorom. / SELECT tblDijaki.* / FROM tblDijaki / WHERE Kraj LIKE ""d%"";",B,B
p252-1-14,P252,14,2,multiple_choice_multi,kviz,podatkovne_baze_sql,srednje,False,"Obkrožite črki pred stavkoma SQL, ki se uvrščata v skupino stavkov DDL.",C /  E,"C,E"
p252-1-15,P252,15,1,multiple_choice_single,kviz,html_css,osnovno,False,Kateri odgovor ponuja samo vrstične (angl. inline) elemente HTML? Obkrožite črko pred pravilnim / odgovorom.,C,C
p252-1-16,P252,16,2,html_css_open,html_css_vaja,html_css,srednje,False,"Zapišite štiri različne elemente HTML in štiri različne atribute HTML, ki opisujejo vpisane / elemente HTML. / Ime elementa HTML / Ime atributa / <img> / src",<a> href /  <div> class /  <img> alt /  <html> lang / 4 pravilne vrstice 2 točki. / 3 ali 2 pravilni vrstici 1 točka.,
p252-1-17,P252,17,1,multiple_choice_single,kviz,programiranje_algoritmi,osnovno,False,"Obkrožite črko pred vrstico, ki vsebuje zanko.",A,A
p252-1-18,P252,18,2,calculation,racunska_naloga,programiranje_algoritmi,srednje,True,"Spodnjo kodo pretvorite v enakovredno zanko while. Podprogram izpis(...) izpiše na / standardnem izhodu vrednost vhodne spremenljivke. / Obkrožite izbrani programski/skriptni jezik: / C, C++, C#, Java, Python, PHP / C, C#, C++, Java / PHP / Python / for(int x=200;x>0;x-=10) / { / izpis(x); / } / for($x=200;$x>0;$x-=10) / { / izpis($x); / } / for x in range(200,0,-10): / izpis(x)",int x = 200; / while(x > 0) / { / izpis(x); / x=x - 10; / },
p253-1-01,P253,1,1,calculation,racunska_naloga,pretvorbe_enote_racunanje,srednje,False,"Proizvajalec je deklariral velikost delovnega pomnilnika kot 4 GB. Ker operacijski sistem pretvori / kapaciteto pomnilnika v dvojiškem sistemu, prikaže manjšo vrednost. Izračunajte jo na tri / decimalna mesta natančno. Odgovor napišite na črto.","3,725 GiB",
p253-1-02,P253,2,1,calculation,racunska_naloga,pretvorbe_enote_racunanje,srednje,False,"Imamo procesor RISC s taktom 3,30 GHz. Koliko časa potrebuje procesor za izvedbo desetih / ukazov? Odgovor napišite na črto.","3,03 ns",
p253-1-03,P253,3,1,multiple_choice_single,kviz,strojna_oprema_os,osnovno,False,"Katera komponenta matične plošče nadzoruje in usmerja tok podatkov med različnimi / komponentami računalnika, hkrati pa omogoča komunikacijo med procesorjem in pomnilnikom? / Obkrožite črko pred pravilnim odgovorom.",A,A
p253-1-04,P253,4,1,multiple_choice_single,kviz,programiranje_algoritmi,osnovno,False,Katera je ena od glavnih funkcij grafične kartice v sodobnih računalnikih? Obkrožite črko pred / pravilnim odgovorom.,B,B
p253-1-05,P253,5,1,multiple_choice_single,kviz,splosno_racunalnistvo,osnovno,False,Kaj pomeni izraz navijanje (angl. overclocking) v kontekstu računalniške strojne opreme? / Obkrožite črko pred pravilnim odgovorom.,D,D
p253-1-06,P253,6,1,multiple_choice_single,kviz,html_css,osnovno,False,"Katera tehnologija omogoča brezžično povezavo vhodno-izhodnih naprav, kot so tipkovnica, / miška in slušalke, z računalnikom? Obkrožite črko pred pravilnim odgovorom.",A,A
p253-1-07,P253,7,1,multiple_choice_single,kviz,programiranje_algoritmi,osnovno,False,Katera funkcija BIOS je odgovorna za zagon operacijskega sistema? Obkrožite črko pred / pravilnim odgovorom.,C,C
p253-1-08,P253,8,1,multiple_choice_single,kviz,pretvorbe_enote_racunanje,osnovno,False,Katera računalniška komponenta izvaja pretvorbo analognega signala v digitalni format in / nasprotno? Obkrožite črko pred pravilnim odgovorom.,B,B
p253-1-09,P253,9,1,multiple_choice_single,kviz,splosno_racunalnistvo,osnovno,False,Kaj je značilno za naslov za razpršeno oddajanje (angl. broadcast)? Obkrožite črko pred / pravilnim odgovorom.,A,A
p253-1-10,P253,10,1,multiple_choice_single,kviz,omrezja,osnovno,False,V katerem primeru je uporabljen protokol UDP? Obkrožite črko pred pravilnim odgovorom.,B,B
p253-1-11,P253,11,2,multiple_choice_multi,kviz,omrezja,srednje,False,"Kaj od spodaj naštetega je del tabele, ki jo stikalo uporabi za odločanje o posredovanju okvirjev? / Obkrožite črki pred pravilnima odgovoroma.",D /  E,"D,E"
p253-1-12,P253,12,1,multiple_choice_single,kviz,podatkovne_baze_sql,osnovno,False,Kaj je primarni ključ v podatkovni bazi? Obkrožite črko pred pravilnim odgovorom.,C,C
p253-1-13,P253,13,1,multiple_choice_single,kviz,podatkovne_baze_sql,osnovno,False,Kaj pomeni izraz normalizacija v kontekstu podatkovnih baz? Obkrožite črko pred pravilnim / odgovorom.,D,D
p253-1-14,P253,14,2,sql_open,sql_vaja,podatkovne_baze_sql,srednje,True,"Pri kreiranju tabele dijak s stavkom SQL manjkata dve integritetni omejitvi. Atribut ime_priimek je / obvezen in atribut id enolično določa zapise v tabeli. Dopolnite spodnji stavek SQL. / CREATE TABLE dijak / (id INT, / ime_priimek VARCHAR(30) _____, / posta NUMERIC(4,0), / _____) / ;",NOT NULL /  PRIMARY KEY (id),
p253-1-15,P253,15,1,multiple_choice_single,kviz,html_css,osnovno,False,Kateri element HTML se uporablja za ustvarjanje hiperpovezave (hiperlinka)? Obkrožite črko pred / pravilnim odgovorom.,B,B
p253-1-16,P253,16,2,short_answer,kratki_odgovor,html_css,srednje,False,"Nastaviti želimo dva ločena odmika za naslov »Jesensko listje«. Pod naslovom je rob, ki pripada / naslovu. Na črto napišite dve različni oblikovni lastnosti, ki nastavita označena odmika (A, B). / Jesensko listje / AA / BB / Sredi poznih jesenskih dni se barve razbohotijo. Odtenki rdeče, rumene, rjave božajo oči in nas vabijo pod krošnje. / Plavamo po mehkem listju. Problemi se zataknejo na robu gozda. / A _____ / B _____",padding-left /  margin-bottom,
p253-1-17,P253,17,1,multiple_choice_single,kviz,splosno_racunalnistvo,osnovno,False,"Spremenljivki x, ki je celoštevilskega tipa, želimo prirediti ostanek pri deljenju števila x s številom / 11. Katera izmed možnosti je ustrezna? Obkrožite črko pred pravilnim odgovorom.",A,A
p253-1-18,P253,18,2,code_open,programiranje_vaja,programiranje_algoritmi,srednje,False,"Dopolnite spodnji algoritem (diagram poteka) tako, da bo izpisoval vrednosti spremenljivke A, / nato pa bo spremenljivko zmanjšal za vrednost 11, dokler je A večji od števila 80. / ZAČETEK / A / 121 / = / X / X / 2 / = / + / NE / DA / X / KONEC / A ˃ 80","A / A / 11 / = / - / A / Izhodni blok za izpis / spremenljivke A 1 točka, / prireditveni blok z ustreznim / zmanjševanjem spremenljivke A / 1 točka.",
